{
  "age": {
    "missing_pct": 0.0,
    "unique": 70,
    "mean": -5.577272805533464e-17,
    "std": 1.0001024537680046,
    "min": -1.7134221900941744,
    "max": 1.6735475650935967,
    "skew": -0.028886993096521138
  },
  "genetic_risk": {
    "missing_pct": 0.0,
    "unique": 101,
    "mean": -1.1674287387602164e-16,
    "std": 1.0001024537680074,
    "min": -1.7433392140625863,
    "max": 1.715518124305501,
    "skew": -0.014908226612903827
  },
  "air_pollution": {
    "missing_pct": 0.0,
    "unique": 101,
    "mean": 1.0402766299669234e-16,
    "std": 1.000102453768004,
    "min": -1.7427212131339975,
    "max": 1.7424784415948444,
    "skew": 0.0015387853604183644
  },
  "alcohol_use": {
    "missing_pct": 0.0,
    "unique": 101,
    "mean": -9.469081031580674e-17,
    "std": 1.000102453768005,
    "min": -1.7350784924349816,
    "max": 1.7531880342885309,
    "skew": -0.0018255866295194248
  },
  "smoking": {
    "missing_pct": 0.0,
    "unique": 101,
    "mean": 1.478932617519518e-16,
    "std": 1.000102453768006,
    "min": -1.731826090664219,
    "max": 1.721976279356968,
    "skew": 0.0024888175852625697
  },
  "obesity_level": {
    "missing_pct": 0.0,
    "unique": 101,
    "mean": 1.895180954963492e-16,
    "std": 1.000102453768006,
    "min": -1.7407960473545363,
    "max": 1.7147713276851129,
    "skew": -0.013467960648240724
  },
  "treatment_cost_usd": {
    "missing_pct": 0.0,
    "unique": 4880,
    "mean": -1.2435134758503853e-16,
    "std": 1.0001024537680065,
    "min": -1.7384308248040898,
    "max": 1.7416885160624536,
    "skew": 0.01783083208473654
  },
  "survival_years": {
    "missing_pct": 0.0,
    "unique": 101,
    "mean": -2.6017795671327296e-16,
    "std": 1.0001024537680072,
    "min": -1.723688978699648,
    "max": 1.7534810811175034,
    "skew": 0.02778085451294843
  },
  "target_severity_score": {
    "missing_pct": 0.0,
    "unique": 595,
    "mean": 5.040016754690477e-16,
    "std": 1.0001024537680057,
    "min": -3.1172889956330003,
    "max": 3.4789763443569477,
    "skew": 0.01618693144979515
  },
  "gender_male": {
    "missing_pct": 0.0,
    "unique": 2,
    "top_categories": {
      "false": 3225,
      "true": 1656
    }
  },
  "gender_other": {
    "missing_pct": 0.0,
    "unique": 2,
    "top_categories": {
      "false": 3296,
      "true": 1585
    }
  },
  "country_region_brazil": {
    "missing_pct": 0.0,
    "unique": 2,
    "top_categories": {
      "false": 4375,
      "true": 506
    }
  },
  "country_region_canada": {
    "missing_pct": 0.0,
    "unique": 2,
    "top_categories": {
      "false": 4394,
      "true": 487
    }
  },
  "country_region_china": {
    "missing_pct": 0.0,
    "unique": 2,
    "top_categories": {
      "false": 4421,
      "true": 460
    }
  },
  "country_region_germany": {
    "missing_pct": 0.0,
    "unique": 2,
    "top_categories": {
      "false": 4374,
      "true": 507
    }
  },
  "country_region_india": {
    "missing_pct": 0.0,
    "unique": 2,
    "top_categories": {
      "false": 4411,
      "true": 470
    }
  },
  "country_region_pakistan": {
    "missing_pct": 0.0,
    "unique": 2,
    "top_categories": {
      "false": 4400,
      "true": 481
    }
  },
  "country_region_russia": {
    "missing_pct": 0.0,
    "unique": 2,
    "top_categories": {
      "false": 4389,
      "true": 492
    }
  },
  "country_region_uk": {
    "missing_pct": 0.0,
    "unique": 2,
    "top_categories": {
      "false": 4384,
      "true": 497
    }
  },
  "country_region_usa": {
    "missing_pct": 0.0,
    "unique": 2,
    "top_categories": {
      "false": 4413,
      "true": 468
    }
  },
  "cancer_type_cervical": {
    "missing_pct": 0.0,
    "unique": 2,
    "top_categories": {
      "false": 4278,
      "true": 603
    }
  },
  "cancer_type_colon": {
    "missing_pct": 0.0,
    "unique": 2,
    "top_categories": {
      "false": 4260,
      "true": 621
    }
  },
  "cancer_type_leukemia": {
    "missing_pct": 0.0,
    "unique": 2,
    "top_categories": {
      "false": 4289,
      "true": 592
    }
  },
  "cancer_type_liver": {
    "missing_pct": 0.0,
    "unique": 2,
    "top_categories": {
      "false": 4248,
      "true": 633
    }
  },
  "cancer_type_lung": {
    "missing_pct": 0.0,
    "unique": 2,
    "top_categories": {
      "false": 4281,
      "true": 600
    }
  },
  "cancer_type_prostate": {
    "missing_pct": 0.0,
    "unique": 2,
    "top_categories": {
      "false": 4252,
      "true": 629
    }
  },
  "cancer_type_skin": {
    "missing_pct": 0.0,
    "unique": 2,
    "top_categories": {
      "false": 4291,
      "true": 590
    }
  },
  "cancer_stage_stage i": {
    "missing_pct": 0.0,
    "unique": 2,
    "top_categories": {
      "false": 3910,
      "true": 971
    }
  },
  "cancer_stage_stage ii": {
    "missing_pct": 0.0,
    "unique": 2,
    "top_categories": {
      "false": 3897,
      "true": 984
    }
  },
  "cancer_stage_stage iii": {
    "missing_pct": 0.0,
    "unique": 2,
    "top_categories": {
      "false": 3904,
      "true": 977
    }
  },
  "cancer_stage_stage iv": {
    "missing_pct": 0.0,
    "unique": 2,
    "top_categories": {
      "false": 3935,
      "true": 946
    }
  }
}